{"fact_clicks": {"doc_1282": 7, "doc_135": 1, "doc_1622": 1, "doc_1693": 1, "doc_735": 1, "doc_1419": 2, "doc_703": 2, "doc_454": 1, "doc_841": 2}, "fact_query": {"putin": 12, "putn": 1, "robert": 2, "war": 3, "car": 2, "spain": 1, "Foot": 2}, "fact_count": {"127.0.0.1": 12}, "fact_agent": {"{'platform': {'name': 'Windows', 'version': '10'}, 'os': {'name': 'Windows', 'version': '10'}, 'bot': False, 'browser': {'name': 'ChromiumEdge', 'version': '119.0.0.0'}}": [8, "Windows", "ChromiumEdge", "119.0.0.0"], "{'platform': {'name': 'Mac OS', 'version': 'X 10.15.7'}, 'os': {'name': 'Macintosh'}, 'bot': False, 'flavor': {'name': 'MacOS', 'version': 'X 10.15.7'}, 'browser': {'name': 'Safari', 'version': '15.6.1'}}": [4, "Mac OS", "Safari", "15.6.1"]}}